Depth (m), Permeability (mD)
9.983907350669691, 610.7472114925067
49.516758751099594, 659.9510063100732
89.54000881978774, 318.4520579889497
99.49343941706282, 1202.0701103858773
130.14681945063344, 752.1408764837213
170.79449663716733, 819.9377997169354
189.61250655134756, 336.0223680899158
209.18169917135555, 1126.517776951724
230.4129138315975, 1036.375852252394
249.77465673247644, 1684.2377463826165
270.07736939441304, 1907.2837131768088
290.00085427263303, 1525.6824368473176
